1871,NA,BS1,BNA
1871,NA,CH1,CNA
1871,NA,CL1,CFC
1871,NA,FW1,KEK
1871,NA,NY2,NNA
1871,NA,PH1,PNA
1871,NA,RC1,ROK
1871,NA,TRO,TRO
1871,NA,WS3,OLY
1872,NA,BL1,BLC
1872,NA,BR1,ECK
1872,NA,BR2,BRA
1872,NA,BS1,BNA
1872,NA,CL1,CFC
1872,NA,MID,MAN
1872,NA,NY2,NNA
1872,NA,PH1,PNA
1872,NA,TRO,TRO
1872,NA,WS3,OLY
1872,NA,WS4,NAT
1873,NA,BL1,BLC
1873,NA,BL4,MAR
1873,NA,BR2,BRA
1873,NA,BS1,BNA
1873,NA,ELI,RES
1873,NA,NY2,NNA
1873,NA,PH1,PNA
1873,NA,PH2,PWS
1873,NA,WS5,WBL
1874,NA,BL1,BLC
1874,NA,BR2,BRA
1874,NA,BS1,BNA
1874,NA,CH2,CNA
1874,NA,HR1,HNA
1874,NA,NY2,NNA
1874,NA,PH1,PNA
1874,NA,PH2,PWS
1875,NA,BR2,BRA
1875,NA,BS1,BNA
1875,NA,CH2,CNA
1875,NA,HR1,HNA
1875,NA,KEO,WES
1875,NA,NH1,NHV
1875,NA,NY2,NNA
1875,NA,PH1,PNA
1875,NA,PH2,PWS
1875,NA,PH3,CEN
1875,NA,SL1,SLR
1875,NA,SL2,SNA
1875,NA,WS6,WNT
1876,NL,BSN,ATL
1876,NL,CHN,CHC
1876,NL,CN1,CNR
1876,NL,HAR,HAR
1876,NL,LS1,LGR
1876,NL,NY3,NYU
1876,NL,PHN,ATH
1876,NL,SL3,SBS
1877,NL,BSN,ATL
1877,NL,CHN,CHC
1877,NL,CN1,CNR
1877,NL,HAR,HAR
1877,NL,LS1,LGR
1877,NL,SL3,SBS
1878,NL,BSN,ATL
1878,NL,CHN,CHC
1878,NL,CN1,CNR
1878,NL,IN1,IBL
1878,NL,ML2,MLG
1878,NL,PRO,PRO
1879,NL,BFN,BUF
1879,NL,BSN,ATL
1879,NL,CHN,CHC
1879,NL,CL2,CBL
1879,NL,CN1,CNR
1879,NL,PRO,PRO
1879,NL,SR1,SYR
1879,NL,TRN,TRT
1880,NL,BFN,BUF
1880,NL,BSN,ATL
1880,NL,CHN,CHC
1880,NL,CL2,CBL
1880,NL,CN1,CNR
1880,NL,PRO,PRO
1880,NL,TRN,TRT
1880,NL,WOR,WOR
1881,NL,BFN,BUF
1881,NL,BSN,ATL
1881,NL,CHN,CHC
1881,NL,CL2,CBL
1881,NL,DTN,DTN
1881,NL,PRO,PRO
1881,NL,TRN,TRT
1881,NL,WOR,WOR
1882,NL,BFN,BUF
1882,AA,BL2,BLO
1882,NL,BSN,ATL
1882,NL,CHN,CHC
1882,NL,CL2,CBL
1882,AA,CN2,CIN
1882,NL,DTN,DTN
1882,AA,LS2,LOU
1882,AA,PH4,PHA
1882,NL,PRO,PRO
1882,AA,PT1,PIT
1882,AA,SL4,STL
1882,NL,TRN,TRT
1882,NL,WOR,WOR
1883,NL,BFN,BUF
1883,AA,BL2,BLO
1883,NL,BSN,ATL
1883,NL,CHN,CHC
1883,NL,CL2,CBL
1883,AA,CL5,CBK
1883,AA,CN2,CIN
1883,NL,DTN,DTN
1883,AA,LS2,LOU
1883,NL,NY1,SFG
1883,AA,NY4,NYP
1883,AA,PH4,PHA
1883,NL,PHI,PHI
1883,NL,PRO,PRO
1883,AA,PT1,PIT
1883,AA,SL4,STL
1884,UA,ALT,ALT
1884,NL,BFN,BUF
1884,AA,BL2,BLO
1884,UA,BLU,BLU
1884,AA,BR3,LAD
1884,NL,BSN,ATL
1884,UA,BSU,BRD
1884,NL,CHN,CHC
1884,UA,CHU,CPI
1884,NL,CL2,CBL
1884,AA,CL5,CBK
1884,AA,CN2,CIN
1884,UA,CNU,COR
1884,NL,DTN,DTN
1884,AA,IN2,IHO
1884,UA,KCU,KCU
1884,AA,LS2,LOU
1884,UA,MLU,MLU
1884,NL,NY1,SFG
1884,AA,NY4,NYP
1884,AA,PH4,PHA
1884,NL,PHI,PHI
1884,UA,PHU,PHK
1884,NL,PRO,PRO
1884,AA,PT1,PIT
1884,AA,RIC,RIC
1884,AA,SL4,STL
1884,UA,SLU,SLM
1884,UA,SPU,STP
1884,AA,TL1,TOL
1884,UA,WIL,WIL
1884,AA,WS7,WST
1884,UA,WSU,WNA
1885,NL,BFN,BUF
1885,AA,BL2,BLO
1885,AA,BR3,LAD
1885,NL,BSN,ATL
1885,NL,CHN,CHC
1885,AA,CN2,CIN
1885,NL,DTN,DTN
1885,AA,LS2,LOU
1885,NL,NY1,SFG
1885,AA,NY4,NYP
1885,AA,PH4,PHA
1885,NL,PHI,PHI
1885,NL,PRO,PRO
1885,AA,PT1,PIT
1885,AA,SL4,STL
1885,NL,SL5,SLM
1886,AA,BL2,BLO
1886,AA,BR3,LAD
1886,NL,BSN,ATL
1886,NL,CHN,CHC
1886,AA,CN2,CIN
1886,NL,DTN,DTN
1886,NL,KCN,KCN
1886,AA,LS2,LOU
1886,NL,NY1,SFG
1886,AA,NY4,NYP
1886,AA,PH4,PHA
1886,NL,PHI,PHI
1886,AA,PT1,PIT
1886,AA,SL4,STL
1886,NL,SL5,SLM
1886,NL,WS8,WNL
1887,AA,BL2,BLO
1887,AA,BR3,LAD
1887,NL,BSN,ATL
1887,NL,CHN,CHC
1887,AA,CL3,CLV
1887,AA,CN2,CIN
1887,NL,DTN,DTN
1887,NL,IN3,IND
1887,AA,LS2,LOU
1887,NL,NY1,SFG
1887,AA,NY4,NYP
1887,AA,PH4,PHA
1887,NL,PHI,PHI
1887,NL,PIT,PIT
1887,AA,SL4,STL
1887,NL,WS8,WNL
1888,AA,BL2,BLO
1888,AA,BR3,LAD
1888,NL,BSN,ATL
1888,NL,CHN,CHC
1888,AA,CL3,CLV
1888,AA,CN2,CIN
1888,NL,DTN,DTN
1888,NL,IN3,IND
1888,AA,KC2,KCC
1888,AA,LS2,LOU
1888,NL,NY1,SFG
1888,AA,PH4,PHA
1888,NL,PHI,PHI
1888,NL,PIT,PIT
1888,AA,SL4,STL
1888,NL,WS8,WNL
1889,AA,BL2,BLO
1889,AA,BR3,LAD
1889,NL,BSN,ATL
1889,NL,CHN,CHC
1889,NL,CL4,CLV
1889,AA,CL6,CLS
1889,AA,CN2,CIN
1889,NL,IN3,IND
1889,AA,KC2,KCC
1889,AA,LS2,LOU
1889,NL,NY1,SFG
1889,AA,PH4,PHA
1889,NL,PHI,PHI
1889,NL,PIT,PIT
1889,AA,SL4,STL
1889,NL,WS8,WNL
1890,PL,BFP,BFB
1890,AA,BL3,BLO
1890,AA,BR4,BRG
1890,NL,BRO,LAD
1890,PL,BRP,BWW
1890,NL,BSN,ATL
1890,PL,BSP,BRS
1890,NL,CHN,CHC
1890,PL,CHP,CHP
1890,NL,CIN,CIN
1890,NL,CL4,CLV
1890,AA,CL6,CLS
1890,PL,CLP,CLI
1890,AA,LS2,LOU
1890,NL,NY1,SFG
1890,PL,NYP,NYI
1890,AA,PH4,PHA
1890,NL,PHI,PHI
1890,PL,PHP,PHQ
1890,NL,PIT,PIT
1890,PL,PTP,PBB
1890,AA,RC2,ROC
1890,AA,SL4,STL
1890,AA,SR2,SYS
1890,AA,TL2,TLM
1891,AA,BL3,BLO
1891,NL,BRO,LAD
1891,AA,BS2,BRS
1891,NL,BSN,ATL
1891,NL,CHN,CHC
1891,NL,CIN,CIN
1891,NL,CL4,CLV
1891,AA,CL6,CLS
1891,AA,CN3,CKK
1891,AA,LS2,LOU
1891,AA,ML3,MLA
1891,NL,NY1,SFG
1891,AA,PH4,PHQ
1891,NL,PHI,PHI
1891,NL,PIT,PIT
1891,AA,SL4,STL
1891,AA,WS9,WAS
1892,NL,BLN,BLO
1892,NL,BRO,LAD
1892,NL,BSN,ATL
1892,NL,CHN,CHC
1892,NL,CIN,CIN
1892,NL,CL4,CLV
1892,NL,LS3,LOU
1892,NL,NY1,SFG
1892,NL,PHI,PHI
1892,NL,PIT,PIT
1892,NL,SLN,STL
1892,NL,WAS,WAS
1893,NL,BLN,BLO
1893,NL,BRO,LAD
1893,NL,BSN,ATL
1893,NL,CHN,CHC
1893,NL,CIN,CIN
1893,NL,CL4,CLV
1893,NL,LS3,LOU
1893,NL,NY1,SFG
1893,NL,PHI,PHI
1893,NL,PIT,PIT
1893,NL,SLN,STL
1893,NL,WAS,WAS
1894,NL,BLN,BLO
1894,NL,BRO,LAD
1894,NL,BSN,ATL
1894,NL,CHN,CHC
1894,NL,CIN,CIN
1894,NL,CL4,CLV
1894,NL,LS3,LOU
1894,NL,NY1,SFG
1894,NL,PHI,PHI
1894,NL,PIT,PIT
1894,NL,SLN,STL
1894,NL,WAS,WAS
1895,NL,BLN,BLO
1895,NL,BRO,LAD
1895,NL,BSN,ATL
1895,NL,CHN,CHC
1895,NL,CIN,CIN
1895,NL,CL4,CLV
1895,NL,LS3,LOU
1895,NL,NY1,SFG
1895,NL,PHI,PHI
1895,NL,PIT,PIT
1895,NL,SLN,STL
1895,NL,WAS,WAS
1896,NL,BLN,BLO
1896,NL,BRO,LAD
1896,NL,BSN,ATL
1896,NL,CHN,CHC
1896,NL,CIN,CIN
1896,NL,CL4,CLV
1896,NL,LS3,LOU
1896,NL,NY1,SFG
1896,NL,PHI,PHI
1896,NL,PIT,PIT
1896,NL,SLN,STL
1896,NL,WAS,WAS
1897,NL,BLN,BLO
1897,NL,BRO,LAD
1897,NL,BSN,ATL
1897,NL,CHN,CHC
1897,NL,CIN,CIN
1897,NL,CL4,CLV
1897,NL,LS3,LOU
1897,NL,NY1,SFG
1897,NL,PHI,PHI
1897,NL,PIT,PIT
1897,NL,SLN,STL
1897,NL,WAS,WAS
1898,NL,BLN,BLO
1898,NL,BRO,LAD
1898,NL,BSN,ATL
1898,NL,CHN,CHC
1898,NL,CIN,CIN
1898,NL,CL4,CLV
1898,NL,LS3,LOU
1898,NL,NY1,SFG
1898,NL,PHI,PHI
1898,NL,PIT,PIT
1898,NL,SLN,STL
1898,NL,WAS,WAS
1899,NL,BLN,BLO
1899,NL,BRO,LAD
1899,NL,BSN,ATL
1899,NL,CHN,CHC
1899,NL,CIN,CIN
1899,NL,CL4,CLV
1899,NL,LS3,LOU
1899,NL,NY1,SFG
1899,NL,PHI,PHI
1899,NL,PIT,PIT
1899,NL,SLN,STL
1899,NL,WAS,WAS
1900,NL,BRO,LAD
1900,NL,BSN,ATL
1900,NL,CHN,CHC
1900,NL,CIN,CIN
1900,NL,NY1,SFG
1900,NL,PHI,PHI
1900,NL,PIT,PIT
1900,NL,SLN,STL
1901,AL,BLA,NYY
1901,AL,BOS,BOS
1901,NL,BRO,LAD
1901,NL,BSN,ATL
1901,AL,CHA,CHW
1901,NL,CHN,CHC
1901,NL,CIN,CIN
1901,AL,CLE,CLE
1901,AL,DET,DET
1901,AL,MLA,BAL
1901,NL,NY1,SFG
1901,AL,PHA,OAK
1901,NL,PHI,PHI
1901,NL,PIT,PIT
1901,NL,SLN,STL
1901,AL,WS1,MIN
1902,AL,BLA,NYY
1902,AL,BOS,BOS
1902,NL,BRO,LAD
1902,NL,BSN,ATL
1902,AL,CHA,CHW
1902,NL,CHN,CHC
1902,NL,CIN,CIN
1902,AL,CLE,CLE
1902,AL,DET,DET
1902,NL,NY1,SFG
1902,AL,PHA,OAK
1902,NL,PHI,PHI
1902,NL,PIT,PIT
1902,AL,SLA,BAL
1902,NL,SLN,STL
1902,AL,WS1,MIN
1903,AL,BOS,BOS
1903,NL,BRO,LAD
1903,NL,BSN,ATL
1903,AL,CHA,CHW
1903,NL,CHN,CHC
1903,NL,CIN,CIN
1903,AL,CLE,CLE
1903,AL,DET,DET
1903,NL,NY1,SFG
1903,AL,NYA,NYY
1903,AL,PHA,OAK
1903,NL,PHI,PHI
1903,NL,PIT,PIT
1903,AL,SLA,BAL
1903,NL,SLN,STL
1903,AL,WS1,MIN
1904,AL,BOS,BOS
1904,NL,BRO,LAD
1904,NL,BSN,ATL
1904,AL,CHA,CHW
1904,NL,CHN,CHC
1904,NL,CIN,CIN
1904,AL,CLE,CLE
1904,AL,DET,DET
1904,NL,NY1,SFG
1904,AL,NYA,NYY
1904,AL,PHA,OAK
1904,NL,PHI,PHI
1904,NL,PIT,PIT
1904,AL,SLA,BAL
1904,NL,SLN,STL
1904,AL,WS1,MIN
1905,AL,BOS,BOS
1905,NL,BRO,LAD
1905,NL,BSN,ATL
1905,AL,CHA,CHW
1905,NL,CHN,CHC
1905,NL,CIN,CIN
1905,AL,CLE,CLE
1905,AL,DET,DET
1905,NL,NY1,SFG
1905,AL,NYA,NYY
1905,AL,PHA,OAK
1905,NL,PHI,PHI
1905,NL,PIT,PIT
1905,AL,SLA,BAL
1905,NL,SLN,STL
1905,AL,WS1,MIN
1906,AL,BOS,BOS
1906,NL,BRO,LAD
1906,NL,BSN,ATL
1906,AL,CHA,CHW
1906,NL,CHN,CHC
1906,NL,CIN,CIN
1906,AL,CLE,CLE
1906,AL,DET,DET
1906,NL,NY1,SFG
1906,AL,NYA,NYY
1906,AL,PHA,OAK
1906,NL,PHI,PHI
1906,NL,PIT,PIT
1906,AL,SLA,BAL
1906,NL,SLN,STL
1906,AL,WS1,MIN
1907,AL,BOS,BOS
1907,NL,BRO,LAD
1907,NL,BSN,ATL
1907,AL,CHA,CHW
1907,NL,CHN,CHC
1907,NL,CIN,CIN
1907,AL,CLE,CLE
1907,AL,DET,DET
1907,NL,NY1,SFG
1907,AL,NYA,NYY
1907,AL,PHA,OAK
1907,NL,PHI,PHI
1907,NL,PIT,PIT
1907,AL,SLA,BAL
1907,NL,SLN,STL
1907,AL,WS1,MIN
1908,AL,BOS,BOS
1908,NL,BRO,LAD
1908,NL,BSN,ATL
1908,AL,CHA,CHW
1908,NL,CHN,CHC
1908,NL,CIN,CIN
1908,AL,CLE,CLE
1908,AL,DET,DET
1908,NL,NY1,SFG
1908,AL,NYA,NYY
1908,AL,PHA,OAK
1908,NL,PHI,PHI
1908,NL,PIT,PIT
1908,AL,SLA,BAL
1908,NL,SLN,STL
1908,AL,WS1,MIN
1909,AL,BOS,BOS
1909,NL,BRO,LAD
1909,NL,BSN,ATL
1909,AL,CHA,CHW
1909,NL,CHN,CHC
1909,NL,CIN,CIN
1909,AL,CLE,CLE
1909,AL,DET,DET
1909,NL,NY1,SFG
1909,AL,NYA,NYY
1909,AL,PHA,OAK
1909,NL,PHI,PHI
1909,NL,PIT,PIT
1909,AL,SLA,BAL
1909,NL,SLN,STL
1909,AL,WS1,MIN
1910,AL,BOS,BOS
1910,NL,BRO,LAD
1910,NL,BSN,ATL
1910,AL,CHA,CHW
1910,NL,CHN,CHC
1910,NL,CIN,CIN
1910,AL,CLE,CLE
1910,AL,DET,DET
1910,NL,NY1,SFG
1910,AL,NYA,NYY
1910,AL,PHA,OAK
1910,NL,PHI,PHI
1910,NL,PIT,PIT
1910,AL,SLA,BAL
1910,NL,SLN,STL
1910,AL,WS1,MIN
1911,AL,BOS,BOS
1911,NL,BRO,LAD
1911,NL,BSN,ATL
1911,AL,CHA,CHW
1911,NL,CHN,CHC
1911,NL,CIN,CIN
1911,AL,CLE,CLE
1911,AL,DET,DET
1911,NL,NY1,SFG
1911,AL,NYA,NYY
1911,AL,PHA,OAK
1911,NL,PHI,PHI
1911,NL,PIT,PIT
1911,AL,SLA,BAL
1911,NL,SLN,STL
1911,AL,WS1,MIN
1912,AL,BOS,BOS
1912,NL,BRO,LAD
1912,NL,BSN,ATL
1912,AL,CHA,CHW
1912,NL,CHN,CHC
1912,NL,CIN,CIN
1912,AL,CLE,CLE
1912,AL,DET,DET
1912,NL,NY1,SFG
1912,AL,NYA,NYY
1912,AL,PHA,OAK
1912,NL,PHI,PHI
1912,NL,PIT,PIT
1912,AL,SLA,BAL
1912,NL,SLN,STL
1912,AL,WS1,MIN
1913,AL,BOS,BOS
1913,NL,BRO,LAD
1913,NL,BSN,ATL
1913,AL,CHA,CHW
1913,NL,CHN,CHC
1913,NL,CIN,CIN
1913,AL,CLE,CLE
1913,AL,DET,DET
1913,NL,NY1,SFG
1913,AL,NYA,NYY
1913,AL,PHA,OAK
1913,NL,PHI,PHI
1913,NL,PIT,PIT
1913,AL,SLA,BAL
1913,NL,SLN,STL
1913,AL,WS1,MIN
1914,FL,BLF,BLT
1914,AL,BOS,BOS
1914,FL,BRF,BTT
1914,NL,BRO,LAD
1914,NL,BSN,ATL
1914,FL,BUF,BFL
1914,AL,CHA,CHW
1914,FL,CHF,CHH
1914,NL,CHN,CHC
1914,NL,CIN,CIN
1914,AL,CLE,CLE
1914,AL,DET,DET
1914,FL,IND,NEW
1914,FL,KCF,KCP
1914,NL,NY1,SFG
1914,AL,NYA,NYY
1914,AL,PHA,OAK
1914,NL,PHI,PHI
1914,NL,PIT,PIT
1914,FL,PTF,PBS
1914,AL,SLA,BAL
1914,FL,SLF,SLI
1914,NL,SLN,STL
1914,AL,WS1,MIN
1915,FL,BLF,BLT
1915,AL,BOS,BOS
1915,FL,BRF,BTT
1915,NL,BRO,LAD
1915,NL,BSN,ATL
1915,FL,BUF,BFL
1915,AL,CHA,CHW
1915,FL,CHF,CHH
1915,NL,CHN,CHC
1915,NL,CIN,CIN
1915,AL,CLE,CLE
1915,AL,DET,DET
1915,FL,KCF,KCP
1915,FL,NEW,NEW
1915,NL,NY1,SFG
1915,AL,NYA,NYY
1915,AL,PHA,OAK
1915,NL,PHI,PHI
1915,NL,PIT,PIT
1915,FL,PTF,PBS
1915,AL,SLA,BAL
1915,FL,SLF,SLI
1915,NL,SLN,STL
1915,AL,WS1,MIN
1916,AL,BOS,BOS
1916,NL,BRO,LAD
1916,NL,BSN,ATL
1916,AL,CHA,CHW
1916,NL,CHN,CHC
1916,NL,CIN,CIN
1916,AL,CLE,CLE
1916,AL,DET,DET
1916,NL,NY1,SFG
1916,AL,NYA,NYY
1916,AL,PHA,OAK
1916,NL,PHI,PHI
1916,NL,PIT,PIT
1916,AL,SLA,BAL
1916,NL,SLN,STL
1916,AL,WS1,MIN
1917,AL,BOS,BOS
1917,NL,BRO,LAD
1917,NL,BSN,ATL
1917,AL,CHA,CHW
1917,NL,CHN,CHC
1917,NL,CIN,CIN
1917,AL,CLE,CLE
1917,AL,DET,DET
1917,NL,NY1,SFG
1917,AL,NYA,NYY
1917,AL,PHA,OAK
1917,NL,PHI,PHI
1917,NL,PIT,PIT
1917,AL,SLA,BAL
1917,NL,SLN,STL
1917,AL,WS1,MIN
1918,AL,BOS,BOS
1918,NL,BRO,LAD
1918,NL,BSN,ATL
1918,AL,CHA,CHW
1918,NL,CHN,CHC
1918,NL,CIN,CIN
1918,AL,CLE,CLE
1918,AL,DET,DET
1918,NL,NY1,SFG
1918,AL,NYA,NYY
1918,AL,PHA,OAK
1918,NL,PHI,PHI
1918,NL,PIT,PIT
1918,AL,SLA,BAL
1918,NL,SLN,STL
1918,AL,WS1,MIN
1919,AL,BOS,BOS
1919,NL,BRO,LAD
1919,NL,BSN,ATL
1919,AL,CHA,CHW
1919,NL,CHN,CHC
1919,NL,CIN,CIN
1919,AL,CLE,CLE
1919,AL,DET,DET
1919,NL,NY1,SFG
1919,AL,NYA,NYY
1919,AL,PHA,OAK
1919,NL,PHI,PHI
1919,NL,PIT,PIT
1919,AL,SLA,BAL
1919,NL,SLN,STL
1919,AL,WS1,MIN
1920,AL,BOS,BOS
1920,NL,BRO,LAD
1920,NL,BSN,ATL
1920,AL,CHA,CHW
1920,NL,CHN,CHC
1920,NL,CIN,CIN
1920,AL,CLE,CLE
1920,AL,DET,DET
1920,NL,NY1,SFG
1920,AL,NYA,NYY
1920,AL,PHA,OAK
1920,NL,PHI,PHI
1920,NL,PIT,PIT
1920,AL,SLA,BAL
1920,NL,SLN,STL
1920,AL,WS1,MIN
1921,AL,BOS,BOS
1921,NL,BRO,LAD
1921,NL,BSN,ATL
1921,AL,CHA,CHW
1921,NL,CHN,CHC
1921,NL,CIN,CIN
1921,AL,CLE,CLE
1921,AL,DET,DET
1921,NL,NY1,SFG
1921,AL,NYA,NYY
1921,AL,PHA,OAK
1921,NL,PHI,PHI
1921,NL,PIT,PIT
1921,AL,SLA,BAL
1921,NL,SLN,STL
1921,AL,WS1,MIN
1922,AL,BOS,BOS
1922,NL,BRO,LAD
1922,NL,BSN,ATL
1922,AL,CHA,CHW
1922,NL,CHN,CHC
1922,NL,CIN,CIN
1922,AL,CLE,CLE
1922,AL,DET,DET
1922,NL,NY1,SFG
1922,AL,NYA,NYY
1922,AL,PHA,OAK
1922,NL,PHI,PHI
1922,NL,PIT,PIT
1922,AL,SLA,BAL
1922,NL,SLN,STL
1922,AL,WS1,MIN
1923,AL,BOS,BOS
1923,NL,BRO,LAD
1923,NL,BSN,ATL
1923,AL,CHA,CHW
1923,NL,CHN,CHC
1923,NL,CIN,CIN
1923,AL,CLE,CLE
1923,AL,DET,DET
1923,NL,NY1,SFG
1923,AL,NYA,NYY
1923,AL,PHA,OAK
1923,NL,PHI,PHI
1923,NL,PIT,PIT
1923,AL,SLA,BAL
1923,NL,SLN,STL
1923,AL,WS1,MIN
1924,AL,BOS,BOS
1924,NL,BRO,LAD
1924,NL,BSN,ATL
1924,AL,CHA,CHW
1924,NL,CHN,CHC
1924,NL,CIN,CIN
1924,AL,CLE,CLE
1924,AL,DET,DET
1924,NL,NY1,SFG
1924,AL,NYA,NYY
1924,AL,PHA,OAK
1924,NL,PHI,PHI
1924,NL,PIT,PIT
1924,AL,SLA,BAL
1924,NL,SLN,STL
1924,AL,WS1,MIN
1925,AL,BOS,BOS
1925,NL,BRO,LAD
1925,NL,BSN,ATL
1925,AL,CHA,CHW
1925,NL,CHN,CHC
1925,NL,CIN,CIN
1925,AL,CLE,CLE
1925,AL,DET,DET
1925,NL,NY1,SFG
1925,AL,NYA,NYY
1925,AL,PHA,OAK
1925,NL,PHI,PHI
1925,NL,PIT,PIT
1925,AL,SLA,BAL
1925,NL,SLN,STL
1925,AL,WS1,MIN
1926,AL,BOS,BOS
1926,NL,BRO,LAD
1926,NL,BSN,ATL
1926,AL,CHA,CHW
1926,NL,CHN,CHC
1926,NL,CIN,CIN
1926,AL,CLE,CLE
1926,AL,DET,DET
1926,NL,NY1,SFG
1926,AL,NYA,NYY
1926,AL,PHA,OAK
1926,NL,PHI,PHI
1926,NL,PIT,PIT
1926,AL,SLA,BAL
1926,NL,SLN,STL
1926,AL,WS1,MIN
1927,AL,BOS,BOS
1927,NL,BRO,LAD
1927,NL,BSN,ATL
1927,AL,CHA,CHW
1927,NL,CHN,CHC
1927,NL,CIN,CIN
1927,AL,CLE,CLE
1927,AL,DET,DET
1927,NL,NY1,SFG
1927,AL,NYA,NYY
1927,AL,PHA,OAK
1927,NL,PHI,PHI
1927,NL,PIT,PIT
1927,AL,SLA,BAL
1927,NL,SLN,STL
1927,AL,WS1,MIN
1928,AL,BOS,BOS
1928,NL,BRO,LAD
1928,NL,BSN,ATL
1928,AL,CHA,CHW
1928,NL,CHN,CHC
1928,NL,CIN,CIN
1928,AL,CLE,CLE
1928,AL,DET,DET
1928,NL,NY1,SFG
1928,AL,NYA,NYY
1928,AL,PHA,OAK
1928,NL,PHI,PHI
1928,NL,PIT,PIT
1928,AL,SLA,BAL
1928,NL,SLN,STL
1928,AL,WS1,MIN
1929,AL,BOS,BOS
1929,NL,BRO,LAD
1929,NL,BSN,ATL
1929,AL,CHA,CHW
1929,NL,CHN,CHC
1929,NL,CIN,CIN
1929,AL,CLE,CLE
1929,AL,DET,DET
1929,NL,NY1,SFG
1929,AL,NYA,NYY
1929,AL,PHA,OAK
1929,NL,PHI,PHI
1929,NL,PIT,PIT
1929,AL,SLA,BAL
1929,NL,SLN,STL
1929,AL,WS1,MIN
1930,AL,BOS,BOS
1930,NL,BRO,LAD
1930,NL,BSN,ATL
1930,AL,CHA,CHW
1930,NL,CHN,CHC
1930,NL,CIN,CIN
1930,AL,CLE,CLE
1930,AL,DET,DET
1930,NL,NY1,SFG
1930,AL,NYA,NYY
1930,AL,PHA,OAK
1930,NL,PHI,PHI
1930,NL,PIT,PIT
1930,AL,SLA,BAL
1930,NL,SLN,STL
1930,AL,WS1,MIN
1931,AL,BOS,BOS
1931,NL,BRO,LAD
1931,NL,BSN,ATL
1931,AL,CHA,CHW
1931,NL,CHN,CHC
1931,NL,CIN,CIN
1931,AL,CLE,CLE
1931,AL,DET,DET
1931,NL,NY1,SFG
1931,AL,NYA,NYY
1931,AL,PHA,OAK
1931,NL,PHI,PHI
1931,NL,PIT,PIT
1931,AL,SLA,BAL
1931,NL,SLN,STL
1931,AL,WS1,MIN
1932,AL,BOS,BOS
1932,NL,BRO,LAD
1932,NL,BSN,ATL
1932,AL,CHA,CHW
1932,NL,CHN,CHC
1932,NL,CIN,CIN
1932,AL,CLE,CLE
1932,AL,DET,DET
1932,NL,NY1,SFG
1932,AL,NYA,NYY
1932,AL,PHA,OAK
1932,NL,PHI,PHI
1932,NL,PIT,PIT
1932,AL,SLA,BAL
1932,NL,SLN,STL
1932,AL,WS1,MIN
1933,AL,BOS,BOS
1933,NL,BRO,LAD
1933,NL,BSN,ATL
1933,AL,CHA,CHW
1933,NL,CHN,CHC
1933,NL,CIN,CIN
1933,AL,CLE,CLE
1933,AL,DET,DET
1933,NL,NY1,SFG
1933,AL,NYA,NYY
1933,AL,PHA,OAK
1933,NL,PHI,PHI
1933,NL,PIT,PIT
1933,AL,SLA,BAL
1933,NL,SLN,STL
1933,AL,WS1,MIN
1934,AL,BOS,BOS
1934,NL,BRO,LAD
1934,NL,BSN,ATL
1934,AL,CHA,CHW
1934,NL,CHN,CHC
1934,NL,CIN,CIN
1934,AL,CLE,CLE
1934,AL,DET,DET
1934,NL,NY1,SFG
1934,AL,NYA,NYY
1934,AL,PHA,OAK
1934,NL,PHI,PHI
1934,NL,PIT,PIT
1934,AL,SLA,BAL
1934,NL,SLN,STL
1934,AL,WS1,MIN
1935,AL,BOS,BOS
1935,NL,BRO,LAD
1935,NL,BSN,ATL
1935,AL,CHA,CHW
1935,NL,CHN,CHC
1935,NL,CIN,CIN
1935,AL,CLE,CLE
1935,AL,DET,DET
1935,NL,NY1,SFG
1935,AL,NYA,NYY
1935,AL,PHA,OAK
1935,NL,PHI,PHI
1935,NL,PIT,PIT
1935,AL,SLA,BAL
1935,NL,SLN,STL
1935,AL,WS1,MIN
1936,AL,BOS,BOS
1936,NL,BRO,LAD
1936,NL,BSN,ATL
1936,AL,CHA,CHW
1936,NL,CHN,CHC
1936,NL,CIN,CIN
1936,AL,CLE,CLE
1936,AL,DET,DET
1936,NL,NY1,SFG
1936,AL,NYA,NYY
1936,AL,PHA,OAK
1936,NL,PHI,PHI
1936,NL,PIT,PIT
1936,AL,SLA,BAL
1936,NL,SLN,STL
1936,AL,WS1,MIN
1937,AL,BOS,BOS
1937,NL,BRO,LAD
1937,NL,BSN,ATL
1937,AL,CHA,CHW
1937,NL,CHN,CHC
1937,NL,CIN,CIN
1937,AL,CLE,CLE
1937,AL,DET,DET
1937,NL,NY1,SFG
1937,AL,NYA,NYY
1937,AL,PHA,OAK
1937,NL,PHI,PHI
1937,NL,PIT,PIT
1937,AL,SLA,BAL
1937,NL,SLN,STL
1937,AL,WS1,MIN
1938,AL,BOS,BOS
1938,NL,BRO,LAD
1938,NL,BSN,ATL
1938,AL,CHA,CHW
1938,NL,CHN,CHC
1938,NL,CIN,CIN
1938,AL,CLE,CLE
1938,AL,DET,DET
1938,NL,NY1,SFG
1938,AL,NYA,NYY
1938,AL,PHA,OAK
1938,NL,PHI,PHI
1938,NL,PIT,PIT
1938,AL,SLA,BAL
1938,NL,SLN,STL
1938,AL,WS1,MIN
1939,AL,BOS,BOS
1939,NL,BRO,LAD
1939,NL,BSN,ATL
1939,AL,CHA,CHW
1939,NL,CHN,CHC
1939,NL,CIN,CIN
1939,AL,CLE,CLE
1939,AL,DET,DET
1939,NL,NY1,SFG
1939,AL,NYA,NYY
1939,AL,PHA,OAK
1939,NL,PHI,PHI
1939,NL,PIT,PIT
1939,AL,SLA,BAL
1939,NL,SLN,STL
1939,AL,WS1,MIN
1940,AL,BOS,BOS
1940,NL,BRO,LAD
1940,NL,BSN,ATL
1940,AL,CHA,CHW
1940,NL,CHN,CHC
1940,NL,CIN,CIN
1940,AL,CLE,CLE
1940,AL,DET,DET
1940,NL,NY1,SFG
1940,AL,NYA,NYY
1940,AL,PHA,OAK
1940,NL,PHI,PHI
1940,NL,PIT,PIT
1940,AL,SLA,BAL
1940,NL,SLN,STL
1940,AL,WS1,MIN
1941,AL,BOS,BOS
1941,NL,BRO,LAD
1941,NL,BSN,ATL
1941,AL,CHA,CHW
1941,NL,CHN,CHC
1941,NL,CIN,CIN
1941,AL,CLE,CLE
1941,AL,DET,DET
1941,NL,NY1,SFG
1941,AL,NYA,NYY
1941,AL,PHA,OAK
1941,NL,PHI,PHI
1941,NL,PIT,PIT
1941,AL,SLA,BAL
1941,NL,SLN,STL
1941,AL,WS1,MIN
1942,AL,BOS,BOS
1942,NL,BRO,LAD
1942,NL,BSN,ATL
1942,AL,CHA,CHW
1942,NL,CHN,CHC
1942,NL,CIN,CIN
1942,AL,CLE,CLE
1942,AL,DET,DET
1942,NL,NY1,SFG
1942,AL,NYA,NYY
1942,AL,PHA,OAK
1942,NL,PHI,PHI
1942,NL,PIT,PIT
1942,AL,SLA,BAL
1942,NL,SLN,STL
1942,AL,WS1,MIN
1943,AL,BOS,BOS
1943,NL,BRO,LAD
1943,NL,BSN,ATL
1943,AL,CHA,CHW
1943,NL,CHN,CHC
1943,NL,CIN,CIN
1943,AL,CLE,CLE
1943,AL,DET,DET
1943,NL,NY1,SFG
1943,AL,NYA,NYY
1943,AL,PHA,OAK
1943,NL,PHI,PHI
1943,NL,PIT,PIT
1943,AL,SLA,BAL
1943,NL,SLN,STL
1943,AL,WS1,MIN
1944,AL,BOS,BOS
1944,NL,BRO,LAD
1944,NL,BSN,ATL
1944,AL,CHA,CHW
1944,NL,CHN,CHC
1944,NL,CIN,CIN
1944,AL,CLE,CLE
1944,AL,DET,DET
1944,NL,NY1,SFG
1944,AL,NYA,NYY
1944,AL,PHA,OAK
1944,NL,PHI,PHI
1944,NL,PIT,PIT
1944,AL,SLA,BAL
1944,NL,SLN,STL
1944,AL,WS1,MIN
1945,AL,BOS,BOS
1945,NL,BRO,LAD
1945,NL,BSN,ATL
1945,AL,CHA,CHW
1945,NL,CHN,CHC
1945,NL,CIN,CIN
1945,AL,CLE,CLE
1945,AL,DET,DET
1945,NL,NY1,SFG
1945,AL,NYA,NYY
1945,AL,PHA,OAK
1945,NL,PHI,PHI
1945,NL,PIT,PIT
1945,AL,SLA,BAL
1945,NL,SLN,STL
1945,AL,WS1,MIN
1946,AL,BOS,BOS
1946,NL,BRO,LAD
1946,NL,BSN,ATL
1946,AL,CHA,CHW
1946,NL,CHN,CHC
1946,NL,CIN,CIN
1946,AL,CLE,CLE
1946,AL,DET,DET
1946,NL,NY1,SFG
1946,AL,NYA,NYY
1946,AL,PHA,OAK
1946,NL,PHI,PHI
1946,NL,PIT,PIT
1946,AL,SLA,BAL
1946,NL,SLN,STL
1946,AL,WS1,MIN
1947,AL,BOS,BOS
1947,NL,BRO,LAD
1947,NL,BSN,ATL
1947,AL,CHA,CHW
1947,NL,CHN,CHC
1947,NL,CIN,CIN
1947,AL,CLE,CLE
1947,AL,DET,DET
1947,NL,NY1,SFG
1947,AL,NYA,NYY
1947,AL,PHA,OAK
1947,NL,PHI,PHI
1947,NL,PIT,PIT
1947,AL,SLA,BAL
1947,NL,SLN,STL
1947,AL,WS1,MIN
1948,AL,BOS,BOS
1948,NL,BRO,LAD
1948,NL,BSN,ATL
1948,AL,CHA,CHW
1948,NL,CHN,CHC
1948,NL,CIN,CIN
1948,AL,CLE,CLE
1948,AL,DET,DET
1948,NL,NY1,SFG
1948,AL,NYA,NYY
1948,AL,PHA,OAK
1948,NL,PHI,PHI
1948,NL,PIT,PIT
1948,AL,SLA,BAL
1948,NL,SLN,STL
1948,AL,WS1,MIN
1949,AL,BOS,BOS
1949,NL,BRO,LAD
1949,NL,BSN,ATL
1949,AL,CHA,CHW
1949,NL,CHN,CHC
1949,NL,CIN,CIN
1949,AL,CLE,CLE
1949,AL,DET,DET
1949,NL,NY1,SFG
1949,AL,NYA,NYY
1949,AL,PHA,OAK
1949,NL,PHI,PHI
1949,NL,PIT,PIT
1949,AL,SLA,BAL
1949,NL,SLN,STL
1949,AL,WS1,MIN
1950,AL,BOS,BOS
1950,NL,BRO,LAD
1950,NL,BSN,ATL
1950,AL,CHA,CHW
1950,NL,CHN,CHC
1950,NL,CIN,CIN
1950,AL,CLE,CLE
1950,AL,DET,DET
1950,NL,NY1,SFG
1950,AL,NYA,NYY
1950,AL,PHA,OAK
1950,NL,PHI,PHI
1950,NL,PIT,PIT
1950,AL,SLA,BAL
1950,NL,SLN,STL
1950,AL,WS1,MIN
1951,AL,BOS,BOS
1951,NL,BRO,LAD
1951,NL,BSN,ATL
1951,AL,CHA,CHW
1951,NL,CHN,CHC
1951,NL,CIN,CIN
1951,AL,CLE,CLE
1951,AL,DET,DET
1951,NL,NY1,SFG
1951,AL,NYA,NYY
1951,AL,PHA,OAK
1951,NL,PHI,PHI
1951,NL,PIT,PIT
1951,AL,SLA,BAL
1951,NL,SLN,STL
1951,AL,WS1,MIN
1952,AL,BOS,BOS
1952,NL,BRO,LAD
1952,NL,BSN,ATL
1952,AL,CHA,CHW
1952,NL,CHN,CHC
1952,NL,CIN,CIN
1952,AL,CLE,CLE
1952,AL,DET,DET
1952,NL,NY1,SFG
1952,AL,NYA,NYY
1952,AL,PHA,OAK
1952,NL,PHI,PHI
1952,NL,PIT,PIT
1952,AL,SLA,BAL
1952,NL,SLN,STL
1952,AL,WS1,MIN
1953,AL,BOS,BOS
1953,NL,BRO,LAD
1953,AL,CHA,CHW
1953,NL,CHN,CHC
1953,NL,CIN,CIN
1953,AL,CLE,CLE
1953,AL,DET,DET
1953,NL,ML1,ATL
1953,NL,NY1,SFG
1953,AL,NYA,NYY
1953,AL,PHA,OAK
1953,NL,PHI,PHI
1953,NL,PIT,PIT
1953,AL,SLA,BAL
1953,NL,SLN,STL
1953,AL,WS1,MIN
1954,AL,BAL,BAL
1954,AL,BOS,BOS
1954,NL,BRO,LAD
1954,AL,CHA,CHW
1954,NL,CHN,CHC
1954,NL,CIN,CIN
1954,AL,CLE,CLE
1954,AL,DET,DET
1954,NL,ML1,ATL
1954,NL,NY1,SFG
1954,AL,NYA,NYY
1954,AL,PHA,OAK
1954,NL,PHI,PHI
1954,NL,PIT,PIT
1954,NL,SLN,STL
1954,AL,WS1,MIN
1955,AL,BAL,BAL
1955,AL,BOS,BOS
1955,NL,BRO,LAD
1955,AL,CHA,CHW
1955,NL,CHN,CHC
1955,NL,CIN,CIN
1955,AL,CLE,CLE
1955,AL,DET,DET
1955,AL,KC1,OAK
1955,NL,ML1,ATL
1955,NL,NY1,SFG
1955,AL,NYA,NYY
1955,NL,PHI,PHI
1955,NL,PIT,PIT
1955,NL,SLN,STL
1955,AL,WS1,MIN
1956,AL,BAL,BAL
1956,AL,BOS,BOS
1956,NL,BRO,LAD
1956,AL,CHA,CHW
1956,NL,CHN,CHC
1956,NL,CIN,CIN
1956,AL,CLE,CLE
1956,AL,DET,DET
1956,AL,KC1,OAK
1956,NL,ML1,ATL
1956,NL,NY1,SFG
1956,AL,NYA,NYY
1956,NL,PHI,PHI
1956,NL,PIT,PIT
1956,NL,SLN,STL
1956,AL,WS1,MIN
1957,AL,BAL,BAL
1957,AL,BOS,BOS
1957,NL,BRO,LAD
1957,AL,CHA,CHW
1957,NL,CHN,CHC
1957,NL,CIN,CIN
1957,AL,CLE,CLE
1957,AL,DET,DET
1957,AL,KC1,OAK
1957,NL,ML1,ATL
1957,NL,NY1,SFG
1957,AL,NYA,NYY
1957,NL,PHI,PHI
1957,NL,PIT,PIT
1957,NL,SLN,STL
1957,AL,WS1,MIN
1958,AL,BAL,BAL
1958,AL,BOS,BOS
1958,AL,CHA,CHW
1958,NL,CHN,CHC
1958,NL,CIN,CIN
1958,AL,CLE,CLE
1958,AL,DET,DET
1958,AL,KC1,OAK
1958,NL,LAN,LAD
1958,NL,ML1,ATL
1958,AL,NYA,NYY
1958,NL,PHI,PHI
1958,NL,PIT,PIT
1958,NL,SFN,SFG
1958,NL,SLN,STL
1958,AL,WS1,MIN
1959,AL,BAL,BAL
1959,AL,BOS,BOS
1959,AL,CHA,CHW
1959,NL,CHN,CHC
1959,NL,CIN,CIN
1959,AL,CLE,CLE
1959,AL,DET,DET
1959,AL,KC1,OAK
1959,NL,LAN,LAD
1959,NL,ML1,ATL
1959,AL,NYA,NYY
1959,NL,PHI,PHI
1959,NL,PIT,PIT
1959,NL,SFN,SFG
1959,NL,SLN,STL
1959,AL,WS1,MIN
1960,AL,BAL,BAL
1960,AL,BOS,BOS
1960,AL,CHA,CHW
1960,NL,CHN,CHC
1960,NL,CIN,CIN
1960,AL,CLE,CLE
1960,AL,DET,DET
1960,AL,KC1,OAK
1960,NL,LAN,LAD
1960,NL,ML1,ATL
1960,AL,NYA,NYY
1960,NL,PHI,PHI
1960,NL,PIT,PIT
1960,NL,SFN,SFG
1960,NL,SLN,STL
1960,AL,WS1,MIN
1961,AL,BAL,BAL
1961,AL,BOS,BOS
1961,AL,CHA,CHW
1961,NL,CHN,CHC
1961,NL,CIN,CIN
1961,AL,CLE,CLE
1961,AL,DET,DET
1961,AL,KC1,OAK
1961,AL,LAA,ANA
1961,NL,LAN,LAD
1961,AL,MIN,MIN
1961,NL,ML1,ATL
1961,AL,NYA,NYY
1961,NL,PHI,PHI
1961,NL,PIT,PIT
1961,NL,SFN,SFG
1961,NL,SLN,STL
1961,AL,WS2,TEX
1962,AL,BAL,BAL
1962,AL,BOS,BOS
1962,AL,CHA,CHW
1962,NL,CHN,CHC
1962,NL,CIN,CIN
1962,AL,CLE,CLE
1962,AL,DET,DET
1962,NL,HOU,HOU
1962,AL,KC1,OAK
1962,AL,LAA,ANA
1962,NL,LAN,LAD
1962,AL,MIN,MIN
1962,NL,ML1,ATL
1962,AL,NYA,NYY
1962,NL,NYN,NYM
1962,NL,PHI,PHI
1962,NL,PIT,PIT
1962,NL,SFN,SFG
1962,NL,SLN,STL
1962,AL,WS2,TEX
1963,AL,BAL,BAL
1963,AL,BOS,BOS
1963,AL,CHA,CHW
1963,NL,CHN,CHC
1963,NL,CIN,CIN
1963,AL,CLE,CLE
1963,AL,DET,DET
1963,NL,HOU,HOU
1963,AL,KC1,OAK
1963,AL,LAA,ANA
1963,NL,LAN,LAD
1963,AL,MIN,MIN
1963,NL,ML1,ATL
1963,AL,NYA,NYY
1963,NL,NYN,NYM
1963,NL,PHI,PHI
1963,NL,PIT,PIT
1963,NL,SFN,SFG
1963,NL,SLN,STL
1963,AL,WS2,TEX
1964,AL,BAL,BAL
1964,AL,BOS,BOS
1964,AL,CHA,CHW
1964,NL,CHN,CHC
1964,NL,CIN,CIN
1964,AL,CLE,CLE
1964,AL,DET,DET
1964,NL,HOU,HOU
1964,AL,KC1,OAK
1964,AL,LAA,ANA
1964,NL,LAN,LAD
1964,AL,MIN,MIN
1964,NL,ML1,ATL
1964,AL,NYA,NYY
1964,NL,NYN,NYM
1964,NL,PHI,PHI
1964,NL,PIT,PIT
1964,NL,SFN,SFG
1964,NL,SLN,STL
1964,AL,WS2,TEX
1965,AL,BAL,BAL
1965,AL,BOS,BOS
1965,AL,CAL,ANA
1965,AL,CHA,CHW
1965,NL,CHN,CHC
1965,NL,CIN,CIN
1965,AL,CLE,CLE
1965,AL,DET,DET
1965,NL,HOU,HOU
1965,AL,KC1,OAK
1965,NL,LAN,LAD
1965,AL,MIN,MIN
1965,NL,ML1,ATL
1965,AL,NYA,NYY
1965,NL,NYN,NYM
1965,NL,PHI,PHI
1965,NL,PIT,PIT
1965,NL,SFN,SFG
1965,NL,SLN,STL
1965,AL,WS2,TEX
1966,NL,ATL,ATL
1966,AL,BAL,BAL
1966,AL,BOS,BOS
1966,AL,CAL,ANA
1966,AL,CHA,CHW
1966,NL,CHN,CHC
1966,NL,CIN,CIN
1966,AL,CLE,CLE
1966,AL,DET,DET
1966,NL,HOU,HOU
1966,AL,KC1,OAK
1966,NL,LAN,LAD
1966,AL,MIN,MIN
1966,AL,NYA,NYY
1966,NL,NYN,NYM
1966,NL,PHI,PHI
1966,NL,PIT,PIT
1966,NL,SFN,SFG
1966,NL,SLN,STL
1966,AL,WS2,TEX
1967,NL,ATL,ATL
1967,AL,BAL,BAL
1967,AL,BOS,BOS
1967,AL,CAL,ANA
1967,AL,CHA,CHW
1967,NL,CHN,CHC
1967,NL,CIN,CIN
1967,AL,CLE,CLE
1967,AL,DET,DET
1967,NL,HOU,HOU
1967,AL,KC1,OAK
1967,NL,LAN,LAD
1967,AL,MIN,MIN
1967,AL,NYA,NYY
1967,NL,NYN,NYM
1967,NL,PHI,PHI
1967,NL,PIT,PIT
1967,NL,SFN,SFG
1967,NL,SLN,STL
1967,AL,WS2,TEX
1968,NL,ATL,ATL
1968,AL,BAL,BAL
1968,AL,BOS,BOS
1968,AL,CAL,ANA
1968,AL,CHA,CHW
1968,NL,CHN,CHC
1968,NL,CIN,CIN
1968,AL,CLE,CLE
1968,AL,DET,DET
1968,NL,HOU,HOU
1968,NL,LAN,LAD
1968,AL,MIN,MIN
1968,AL,NYA,NYY
1968,NL,NYN,NYM
1968,AL,OAK,OAK
1968,NL,PHI,PHI
1968,NL,PIT,PIT
1968,NL,SFN,SFG
1968,NL,SLN,STL
1968,AL,WS2,TEX
1969,NL,ATL,ATL
1969,AL,BAL,BAL
1969,AL,BOS,BOS
1969,AL,CAL,ANA
1969,AL,CHA,CHW
1969,NL,CHN,CHC
1969,NL,CIN,CIN
1969,AL,CLE,CLE
1969,AL,DET,DET
1969,NL,HOU,HOU
1969,AL,KCA,KCR
1969,NL,LAN,LAD
1969,AL,MIN,MIN
1969,NL,MON,WSN
1969,AL,NYA,NYY
1969,NL,NYN,NYM
1969,AL,OAK,OAK
1969,NL,PHI,PHI
1969,NL,PIT,PIT
1969,NL,SDN,SDP
1969,AL,SE1,MIL
1969,NL,SFN,SFG
1969,NL,SLN,STL
1969,AL,WS2,TEX
1970,NL,ATL,ATL
1970,AL,BAL,BAL
1970,AL,BOS,BOS
1970,AL,CAL,ANA
1970,AL,CHA,CHW
1970,NL,CHN,CHC
1970,NL,CIN,CIN
1970,AL,CLE,CLE
1970,AL,DET,DET
1970,NL,HOU,HOU
1970,AL,KCA,KCR
1970,NL,LAN,LAD
1970,AL,MIN,MIN
1970,AL,ML4,MIL
1970,NL,MON,WSN
1970,AL,NYA,NYY
1970,NL,NYN,NYM
1970,AL,OAK,OAK
1970,NL,PHI,PHI
1970,NL,PIT,PIT
1970,NL,SDN,SDP
1970,NL,SFN,SFG
1970,NL,SLN,STL
1970,AL,WS2,TEX
1971,NL,ATL,ATL
1971,AL,BAL,BAL
1971,AL,BOS,BOS
1971,AL,CAL,ANA
1971,AL,CHA,CHW
1971,NL,CHN,CHC
1971,NL,CIN,CIN
1971,AL,CLE,CLE
1971,AL,DET,DET
1971,NL,HOU,HOU
1971,AL,KCA,KCR
1971,NL,LAN,LAD
1971,AL,MIN,MIN
1971,AL,ML4,MIL
1971,NL,MON,WSN
1971,AL,NYA,NYY
1971,NL,NYN,NYM
1971,AL,OAK,OAK
1971,NL,PHI,PHI
1971,NL,PIT,PIT
1971,NL,SDN,SDP
1971,NL,SFN,SFG
1971,NL,SLN,STL
1971,AL,WS2,TEX
1972,NL,ATL,ATL
1972,AL,BAL,BAL
1972,AL,BOS,BOS
1972,AL,CAL,ANA
1972,AL,CHA,CHW
1972,NL,CHN,CHC
1972,NL,CIN,CIN
1972,AL,CLE,CLE
1972,AL,DET,DET
1972,NL,HOU,HOU
1972,AL,KCA,KCR
1972,NL,LAN,LAD
1972,AL,MIN,MIN
1972,AL,ML4,MIL
1972,NL,MON,WSN
1972,AL,NYA,NYY
1972,NL,NYN,NYM
1972,AL,OAK,OAK
1972,NL,PHI,PHI
1972,NL,PIT,PIT
1972,NL,SDN,SDP
1972,NL,SFN,SFG
1972,NL,SLN,STL
1972,AL,TEX,TEX
1973,NL,ATL,ATL
1973,AL,BAL,BAL
1973,AL,BOS,BOS
1973,AL,CAL,ANA
1973,AL,CHA,CHW
1973,NL,CHN,CHC
1973,NL,CIN,CIN
1973,AL,CLE,CLE
1973,AL,DET,DET
1973,NL,HOU,HOU
1973,AL,KCA,KCR
1973,NL,LAN,LAD
1973,AL,MIN,MIN
1973,AL,ML4,MIL
1973,NL,MON,WSN
1973,AL,NYA,NYY
1973,NL,NYN,NYM
1973,AL,OAK,OAK
1973,NL,PHI,PHI
1973,NL,PIT,PIT
1973,NL,SDN,SDP
1973,NL,SFN,SFG
1973,NL,SLN,STL
1973,AL,TEX,TEX
1974,NL,ATL,ATL
1974,AL,BAL,BAL
1974,AL,BOS,BOS
1974,AL,CAL,ANA
1974,AL,CHA,CHW
1974,NL,CHN,CHC
1974,NL,CIN,CIN
1974,AL,CLE,CLE
1974,AL,DET,DET
1974,NL,HOU,HOU
1974,AL,KCA,KCR
1974,NL,LAN,LAD
1974,AL,MIN,MIN
1974,AL,ML4,MIL
1974,NL,MON,WSN
1974,AL,NYA,NYY
1974,NL,NYN,NYM
1974,AL,OAK,OAK
1974,NL,PHI,PHI
1974,NL,PIT,PIT
1974,NL,SDN,SDP
1974,NL,SFN,SFG
1974,NL,SLN,STL
1974,AL,TEX,TEX
1975,NL,ATL,ATL
1975,AL,BAL,BAL
1975,AL,BOS,BOS
1975,AL,CAL,ANA
1975,AL,CHA,CHW
1975,NL,CHN,CHC
1975,NL,CIN,CIN
1975,AL,CLE,CLE
1975,AL,DET,DET
1975,NL,HOU,HOU
1975,AL,KCA,KCR
1975,NL,LAN,LAD
1975,AL,MIN,MIN
1975,AL,ML4,MIL
1975,NL,MON,WSN
1975,AL,NYA,NYY
1975,NL,NYN,NYM
1975,AL,OAK,OAK
1975,NL,PHI,PHI
1975,NL,PIT,PIT
1975,NL,SDN,SDP
1975,NL,SFN,SFG
1975,NL,SLN,STL
1975,AL,TEX,TEX
1976,NL,ATL,ATL
1976,AL,BAL,BAL
1976,AL,BOS,BOS
1976,AL,CAL,ANA
1976,AL,CHA,CHW
1976,NL,CHN,CHC
1976,NL,CIN,CIN
1976,AL,CLE,CLE
1976,AL,DET,DET
1976,NL,HOU,HOU
1976,AL,KCA,KCR
1976,NL,LAN,LAD
1976,AL,MIN,MIN
1976,AL,ML4,MIL
1976,NL,MON,WSN
1976,AL,NYA,NYY
1976,NL,NYN,NYM
1976,AL,OAK,OAK
1976,NL,PHI,PHI
1976,NL,PIT,PIT
1976,NL,SDN,SDP
1976,NL,SFN,SFG
1976,NL,SLN,STL
1976,AL,TEX,TEX
1977,NL,ATL,ATL
1977,AL,BAL,BAL
1977,AL,BOS,BOS
1977,AL,CAL,ANA
1977,AL,CHA,CHW
1977,NL,CHN,CHC
1977,NL,CIN,CIN
1977,AL,CLE,CLE
1977,AL,DET,DET
1977,NL,HOU,HOU
1977,AL,KCA,KCR
1977,NL,LAN,LAD
1977,AL,MIN,MIN
1977,AL,ML4,MIL
1977,NL,MON,WSN
1977,AL,NYA,NYY
1977,NL,NYN,NYM
1977,AL,OAK,OAK
1977,NL,PHI,PHI
1977,NL,PIT,PIT
1977,NL,SDN,SDP
1977,AL,SEA,SEA
1977,NL,SFN,SFG
1977,NL,SLN,STL
1977,AL,TEX,TEX
1977,AL,TOR,TOR
1978,NL,ATL,ATL
1978,AL,BAL,BAL
1978,AL,BOS,BOS
1978,AL,CAL,ANA
1978,AL,CHA,CHW
1978,NL,CHN,CHC
1978,NL,CIN,CIN
1978,AL,CLE,CLE
1978,AL,DET,DET
1978,NL,HOU,HOU
1978,AL,KCA,KCR
1978,NL,LAN,LAD
1978,AL,MIN,MIN
1978,AL,ML4,MIL
1978,NL,MON,WSN
1978,AL,NYA,NYY
1978,NL,NYN,NYM
1978,AL,OAK,OAK
1978,NL,PHI,PHI
1978,NL,PIT,PIT
1978,NL,SDN,SDP
1978,AL,SEA,SEA
1978,NL,SFN,SFG
1978,NL,SLN,STL
1978,AL,TEX,TEX
1978,AL,TOR,TOR
1979,NL,ATL,ATL
1979,AL,BAL,BAL
1979,AL,BOS,BOS
1979,AL,CAL,ANA
1979,AL,CHA,CHW
1979,NL,CHN,CHC
1979,NL,CIN,CIN
1979,AL,CLE,CLE
1979,AL,DET,DET
1979,NL,HOU,HOU
1979,AL,KCA,KCR
1979,NL,LAN,LAD
1979,AL,MIN,MIN
1979,AL,ML4,MIL
1979,NL,MON,WSN
1979,AL,NYA,NYY
1979,NL,NYN,NYM
1979,AL,OAK,OAK
1979,NL,PHI,PHI
1979,NL,PIT,PIT
1979,NL,SDN,SDP
1979,AL,SEA,SEA
1979,NL,SFN,SFG
1979,NL,SLN,STL
1979,AL,TEX,TEX
1979,AL,TOR,TOR
1980,NL,ATL,ATL
1980,AL,BAL,BAL
1980,AL,BOS,BOS
1980,AL,CAL,ANA
1980,AL,CHA,CHW
1980,NL,CHN,CHC
1980,NL,CIN,CIN
1980,AL,CLE,CLE
1980,AL,DET,DET
1980,NL,HOU,HOU
1980,AL,KCA,KCR
1980,NL,LAN,LAD
1980,AL,MIN,MIN
1980,AL,ML4,MIL
1980,NL,MON,WSN
1980,AL,NYA,NYY
1980,NL,NYN,NYM
1980,AL,OAK,OAK
1980,NL,PHI,PHI
1980,NL,PIT,PIT
1980,NL,SDN,SDP
1980,AL,SEA,SEA
1980,NL,SFN,SFG
1980,NL,SLN,STL
1980,AL,TEX,TEX
1980,AL,TOR,TOR
1981,NL,ATL,ATL
1981,AL,BAL,BAL
1981,AL,BOS,BOS
1981,AL,CAL,ANA
1981,AL,CHA,CHW
1981,NL,CHN,CHC
1981,NL,CIN,CIN
1981,AL,CLE,CLE
1981,AL,DET,DET
1981,NL,HOU,HOU
1981,AL,KCA,KCR
1981,NL,LAN,LAD
1981,AL,MIN,MIN
1981,AL,ML4,MIL
1981,NL,MON,WSN
1981,AL,NYA,NYY
1981,NL,NYN,NYM
1981,AL,OAK,OAK
1981,NL,PHI,PHI
1981,NL,PIT,PIT
1981,NL,SDN,SDP
1981,AL,SEA,SEA
1981,NL,SFN,SFG
1981,NL,SLN,STL
1981,AL,TEX,TEX
1981,AL,TOR,TOR
1982,NL,ATL,ATL
1982,AL,BAL,BAL
1982,AL,BOS,BOS
1982,AL,CAL,ANA
1982,AL,CHA,CHW
1982,NL,CHN,CHC
1982,NL,CIN,CIN
1982,AL,CLE,CLE
1982,AL,DET,DET
1982,NL,HOU,HOU
1982,AL,KCA,KCR
1982,NL,LAN,LAD
1982,AL,MIN,MIN
1982,AL,ML4,MIL
1982,NL,MON,WSN
1982,AL,NYA,NYY
1982,NL,NYN,NYM
1982,AL,OAK,OAK
1982,NL,PHI,PHI
1982,NL,PIT,PIT
1982,NL,SDN,SDP
1982,AL,SEA,SEA
1982,NL,SFN,SFG
1982,NL,SLN,STL
1982,AL,TEX,TEX
1982,AL,TOR,TOR
1983,NL,ATL,ATL
1983,AL,BAL,BAL
1983,AL,BOS,BOS
1983,AL,CAL,ANA
1983,AL,CHA,CHW
1983,NL,CHN,CHC
1983,NL,CIN,CIN
1983,AL,CLE,CLE
1983,AL,DET,DET
1983,NL,HOU,HOU
1983,AL,KCA,KCR
1983,NL,LAN,LAD
1983,AL,MIN,MIN
1983,AL,ML4,MIL
1983,NL,MON,WSN
1983,AL,NYA,NYY
1983,NL,NYN,NYM
1983,AL,OAK,OAK
1983,NL,PHI,PHI
1983,NL,PIT,PIT
1983,NL,SDN,SDP
1983,AL,SEA,SEA
1983,NL,SFN,SFG
1983,NL,SLN,STL
1983,AL,TEX,TEX
1983,AL,TOR,TOR
1984,NL,ATL,ATL
1984,AL,BAL,BAL
1984,AL,BOS,BOS
1984,AL,CAL,ANA
1984,AL,CHA,CHW
1984,NL,CHN,CHC
1984,NL,CIN,CIN
1984,AL,CLE,CLE
1984,AL,DET,DET
1984,NL,HOU,HOU
1984,AL,KCA,KCR
1984,NL,LAN,LAD
1984,AL,MIN,MIN
1984,AL,ML4,MIL
1984,NL,MON,WSN
1984,AL,NYA,NYY
1984,NL,NYN,NYM
1984,AL,OAK,OAK
1984,NL,PHI,PHI
1984,NL,PIT,PIT
1984,NL,SDN,SDP
1984,AL,SEA,SEA
1984,NL,SFN,SFG
1984,NL,SLN,STL
1984,AL,TEX,TEX
1984,AL,TOR,TOR
1985,NL,ATL,ATL
1985,AL,BAL,BAL
1985,AL,BOS,BOS
1985,AL,CAL,ANA
1985,AL,CHA,CHW
1985,NL,CHN,CHC
1985,NL,CIN,CIN
1985,AL,CLE,CLE
1985,AL,DET,DET
1985,NL,HOU,HOU
1985,AL,KCA,KCR
1985,NL,LAN,LAD
1985,AL,MIN,MIN
1985,AL,ML4,MIL
1985,NL,MON,WSN
1985,AL,NYA,NYY
1985,NL,NYN,NYM
1985,AL,OAK,OAK
1985,NL,PHI,PHI
1985,NL,PIT,PIT
1985,NL,SDN,SDP
1985,AL,SEA,SEA
1985,NL,SFN,SFG
1985,NL,SLN,STL
1985,AL,TEX,TEX
1985,AL,TOR,TOR
1986,NL,ATL,ATL
1986,AL,BAL,BAL
1986,AL,BOS,BOS
1986,AL,CAL,ANA
1986,AL,CHA,CHW
1986,NL,CHN,CHC
1986,NL,CIN,CIN
1986,AL,CLE,CLE
1986,AL,DET,DET
1986,NL,HOU,HOU
1986,AL,KCA,KCR
1986,NL,LAN,LAD
1986,AL,MIN,MIN
1986,AL,ML4,MIL
1986,NL,MON,WSN
1986,AL,NYA,NYY
1986,NL,NYN,NYM
1986,AL,OAK,OAK
1986,NL,PHI,PHI
1986,NL,PIT,PIT
1986,NL,SDN,SDP
1986,AL,SEA,SEA
1986,NL,SFN,SFG
1986,NL,SLN,STL
1986,AL,TEX,TEX
1986,AL,TOR,TOR
1987,NL,ATL,ATL
1987,AL,BAL,BAL
1987,AL,BOS,BOS
1987,AL,CAL,ANA
1987,AL,CHA,CHW
1987,NL,CHN,CHC
1987,NL,CIN,CIN
1987,AL,CLE,CLE
1987,AL,DET,DET
1987,NL,HOU,HOU
1987,AL,KCA,KCR
1987,NL,LAN,LAD
1987,AL,MIN,MIN
1987,AL,ML4,MIL
1987,NL,MON,WSN
1987,AL,NYA,NYY
1987,NL,NYN,NYM
1987,AL,OAK,OAK
1987,NL,PHI,PHI
1987,NL,PIT,PIT
1987,NL,SDN,SDP
1987,AL,SEA,SEA
1987,NL,SFN,SFG
1987,NL,SLN,STL
1987,AL,TEX,TEX
1987,AL,TOR,TOR
1988,NL,ATL,ATL
1988,AL,BAL,BAL
1988,AL,BOS,BOS
1988,AL,CAL,ANA
1988,AL,CHA,CHW
1988,NL,CHN,CHC
1988,NL,CIN,CIN
1988,AL,CLE,CLE
1988,AL,DET,DET
1988,NL,HOU,HOU
1988,AL,KCA,KCR
1988,NL,LAN,LAD
1988,AL,MIN,MIN
1988,AL,ML4,MIL
1988,NL,MON,WSN
1988,AL,NYA,NYY
1988,NL,NYN,NYM
1988,AL,OAK,OAK
1988,NL,PHI,PHI
1988,NL,PIT,PIT
1988,NL,SDN,SDP
1988,AL,SEA,SEA
1988,NL,SFN,SFG
1988,NL,SLN,STL
1988,AL,TEX,TEX
1988,AL,TOR,TOR
1989,NL,ATL,ATL
1989,AL,BAL,BAL
1989,AL,BOS,BOS
1989,AL,CAL,ANA
1989,AL,CHA,CHW
1989,NL,CHN,CHC
1989,NL,CIN,CIN
1989,AL,CLE,CLE
1989,AL,DET,DET
1989,NL,HOU,HOU
1989,AL,KCA,KCR
1989,NL,LAN,LAD
1989,AL,MIN,MIN
1989,AL,ML4,MIL
1989,NL,MON,WSN
1989,AL,NYA,NYY
1989,NL,NYN,NYM
1989,AL,OAK,OAK
1989,NL,PHI,PHI
1989,NL,PIT,PIT
1989,NL,SDN,SDP
1989,AL,SEA,SEA
1989,NL,SFN,SFG
1989,NL,SLN,STL
1989,AL,TEX,TEX
1989,AL,TOR,TOR
1990,NL,ATL,ATL
1990,AL,BAL,BAL
1990,AL,BOS,BOS
1990,AL,CAL,ANA
1990,AL,CHA,CHW
1990,NL,CHN,CHC
1990,NL,CIN,CIN
1990,AL,CLE,CLE
1990,AL,DET,DET
1990,NL,HOU,HOU
1990,AL,KCA,KCR
1990,NL,LAN,LAD
1990,AL,MIN,MIN
1990,AL,ML4,MIL
1990,NL,MON,WSN
1990,AL,NYA,NYY
1990,NL,NYN,NYM
1990,AL,OAK,OAK
1990,NL,PHI,PHI
1990,NL,PIT,PIT
1990,NL,SDN,SDP
1990,AL,SEA,SEA
1990,NL,SFN,SFG
1990,NL,SLN,STL
1990,AL,TEX,TEX
1990,AL,TOR,TOR
1991,NL,ATL,ATL
1991,AL,BAL,BAL
1991,AL,BOS,BOS
1991,AL,CAL,ANA
1991,AL,CHA,CHW
1991,NL,CHN,CHC
1991,NL,CIN,CIN
1991,AL,CLE,CLE
1991,AL,DET,DET
1991,NL,HOU,HOU
1991,AL,KCA,KCR
1991,NL,LAN,LAD
1991,AL,MIN,MIN
1991,AL,ML4,MIL
1991,NL,MON,WSN
1991,AL,NYA,NYY
1991,NL,NYN,NYM
1991,AL,OAK,OAK
1991,NL,PHI,PHI
1991,NL,PIT,PIT
1991,NL,SDN,SDP
1991,AL,SEA,SEA
1991,NL,SFN,SFG
1991,NL,SLN,STL
1991,AL,TEX,TEX
1991,AL,TOR,TOR
1992,NL,ATL,ATL
1992,AL,BAL,BAL
1992,AL,BOS,BOS
1992,AL,CAL,ANA
1992,AL,CHA,CHW
1992,NL,CHN,CHC
1992,NL,CIN,CIN
1992,AL,CLE,CLE
1992,AL,DET,DET
1992,NL,HOU,HOU
1992,AL,KCA,KCR
1992,NL,LAN,LAD
1992,AL,MIN,MIN
1992,AL,ML4,MIL
1992,NL,MON,WSN
1992,AL,NYA,NYY
1992,NL,NYN,NYM
1992,AL,OAK,OAK
1992,NL,PHI,PHI
1992,NL,PIT,PIT
1992,NL,SDN,SDP
1992,AL,SEA,SEA
1992,NL,SFN,SFG
1992,NL,SLN,STL
1992,AL,TEX,TEX
1992,AL,TOR,TOR
1993,NL,ATL,ATL
1993,AL,BAL,BAL
1993,AL,BOS,BOS
1993,AL,CAL,ANA
1993,AL,CHA,CHW
1993,NL,CHN,CHC
1993,NL,CIN,CIN
1993,AL,CLE,CLE
1993,NL,COL,COL
1993,AL,DET,DET
1993,NL,FLO,FLA
1993,NL,HOU,HOU
1993,AL,KCA,KCR
1993,NL,LAN,LAD
1993,AL,MIN,MIN
1993,AL,ML4,MIL
1993,NL,MON,WSN
1993,AL,NYA,NYY
1993,NL,NYN,NYM
1993,AL,OAK,OAK
1993,NL,PHI,PHI
1993,NL,PIT,PIT
1993,NL,SDN,SDP
1993,AL,SEA,SEA
1993,NL,SFN,SFG
1993,NL,SLN,STL
1993,AL,TEX,TEX
1993,AL,TOR,TOR
1994,NL,ATL,ATL
1994,AL,BAL,BAL
1994,AL,BOS,BOS
1994,AL,CAL,ANA
1994,AL,CHA,CHW
1994,NL,CHN,CHC
1994,NL,CIN,CIN
1994,AL,CLE,CLE
1994,NL,COL,COL
1994,AL,DET,DET
1994,NL,FLO,FLA
1994,NL,HOU,HOU
1994,AL,KCA,KCR
1994,NL,LAN,LAD
1994,AL,MIN,MIN
1994,AL,ML4,MIL
1994,NL,MON,WSN
1994,AL,NYA,NYY
1994,NL,NYN,NYM
1994,AL,OAK,OAK
1994,NL,PHI,PHI
1994,NL,PIT,PIT
1994,NL,SDN,SDP
1994,AL,SEA,SEA
1994,NL,SFN,SFG
1994,NL,SLN,STL
1994,AL,TEX,TEX
1994,AL,TOR,TOR
1995,NL,ATL,ATL
1995,AL,BAL,BAL
1995,AL,BOS,BOS
1995,AL,CAL,ANA
1995,AL,CHA,CHW
1995,NL,CHN,CHC
1995,NL,CIN,CIN
1995,AL,CLE,CLE
1995,NL,COL,COL
1995,AL,DET,DET
1995,NL,FLO,FLA
1995,NL,HOU,HOU
1995,AL,KCA,KCR
1995,NL,LAN,LAD
1995,AL,MIN,MIN
1995,AL,ML4,MIL
1995,NL,MON,WSN
1995,AL,NYA,NYY
1995,NL,NYN,NYM
1995,AL,OAK,OAK
1995,NL,PHI,PHI
1995,NL,PIT,PIT
1995,NL,SDN,SDP
1995,AL,SEA,SEA
1995,NL,SFN,SFG
1995,NL,SLN,STL
1995,AL,TEX,TEX
1995,AL,TOR,TOR
1996,NL,ATL,ATL
1996,AL,BAL,BAL
1996,AL,BOS,BOS
1996,AL,CAL,ANA
1996,AL,CHA,CHW
1996,NL,CHN,CHC
1996,NL,CIN,CIN
1996,AL,CLE,CLE
1996,NL,COL,COL
1996,AL,DET,DET
1996,NL,FLO,FLA
1996,NL,HOU,HOU
1996,AL,KCA,KCR
1996,NL,LAN,LAD
1996,AL,MIN,MIN
1996,AL,ML4,MIL
1996,NL,MON,WSN
1996,AL,NYA,NYY
1996,NL,NYN,NYM
1996,AL,OAK,OAK
1996,NL,PHI,PHI
1996,NL,PIT,PIT
1996,NL,SDN,SDP
1996,AL,SEA,SEA
1996,NL,SFN,SFG
1996,NL,SLN,STL
1996,AL,TEX,TEX
1996,AL,TOR,TOR
1997,AL,ANA,ANA
1997,NL,ATL,ATL
1997,AL,BAL,BAL
1997,AL,BOS,BOS
1997,AL,CHA,CHW
1997,NL,CHN,CHC
1997,NL,CIN,CIN
1997,AL,CLE,CLE
1997,NL,COL,COL
1997,AL,DET,DET
1997,NL,FLO,FLA
1997,NL,HOU,HOU
1997,AL,KCA,KCR
1997,NL,LAN,LAD
1997,AL,MIN,MIN
1997,AL,ML4,MIL
1997,NL,MON,WSN
1997,AL,NYA,NYY
1997,NL,NYN,NYM
1997,AL,OAK,OAK
1997,NL,PHI,PHI
1997,NL,PIT,PIT
1997,NL,SDN,SDP
1997,AL,SEA,SEA
1997,NL,SFN,SFG
1997,NL,SLN,STL
1997,AL,TEX,TEX
1997,AL,TOR,TOR
1998,AL,ANA,ANA
1998,NL,ARI,ARI
1998,NL,ATL,ATL
1998,AL,BAL,BAL
1998,AL,BOS,BOS
1998,AL,CHA,CHW
1998,NL,CHN,CHC
1998,NL,CIN,CIN
1998,AL,CLE,CLE
1998,NL,COL,COL
1998,AL,DET,DET
1998,NL,FLO,FLA
1998,NL,HOU,HOU
1998,AL,KCA,KCR
1998,NL,LAN,LAD
1998,NL,MIL,MIL
1998,AL,MIN,MIN
1998,NL,MON,WSN
1998,AL,NYA,NYY
1998,NL,NYN,NYM
1998,AL,OAK,OAK
1998,NL,PHI,PHI
1998,NL,PIT,PIT
1998,NL,SDN,SDP
1998,AL,SEA,SEA
1998,NL,SFN,SFG
1998,NL,SLN,STL
1998,AL,TBA,TBD
1998,AL,TEX,TEX
1998,AL,TOR,TOR
1999,AL,ANA,ANA
1999,NL,ARI,ARI
1999,NL,ATL,ATL
1999,AL,BAL,BAL
1999,AL,BOS,BOS
1999,AL,CHA,CHW
1999,NL,CHN,CHC
1999,NL,CIN,CIN
1999,AL,CLE,CLE
1999,NL,COL,COL
1999,AL,DET,DET
1999,NL,FLO,FLA
1999,NL,HOU,HOU
1999,AL,KCA,KCR
1999,NL,LAN,LAD
1999,NL,MIL,MIL
1999,AL,MIN,MIN
1999,NL,MON,WSN
1999,AL,NYA,NYY
1999,NL,NYN,NYM
1999,AL,OAK,OAK
1999,NL,PHI,PHI
1999,NL,PIT,PIT
1999,NL,SDN,SDP
1999,AL,SEA,SEA
1999,NL,SFN,SFG
1999,NL,SLN,STL
1999,AL,TBA,TBD
1999,AL,TEX,TEX
1999,AL,TOR,TOR
2000,AL,ANA,ANA
2000,NL,ARI,ARI
2000,NL,ATL,ATL
2000,AL,BAL,BAL
2000,AL,BOS,BOS
2000,AL,CHA,CHW
2000,NL,CHN,CHC
2000,NL,CIN,CIN
2000,AL,CLE,CLE
2000,NL,COL,COL
2000,AL,DET,DET
2000,NL,FLO,FLA
2000,NL,HOU,HOU
2000,AL,KCA,KCR
2000,NL,LAN,LAD
2000,NL,MIL,MIL
2000,AL,MIN,MIN
2000,NL,MON,WSN
2000,AL,NYA,NYY
2000,NL,NYN,NYM
2000,AL,OAK,OAK
2000,NL,PHI,PHI
2000,NL,PIT,PIT
2000,NL,SDN,SDP
2000,AL,SEA,SEA
2000,NL,SFN,SFG
2000,NL,SLN,STL
2000,AL,TBA,TBD
2000,AL,TEX,TEX
2000,AL,TOR,TOR
2001,AL,ANA,ANA
2001,NL,ARI,ARI
2001,NL,ATL,ATL
2001,AL,BAL,BAL
2001,AL,BOS,BOS
2001,AL,CHA,CHW
2001,NL,CHN,CHC
2001,NL,CIN,CIN
2001,AL,CLE,CLE
2001,NL,COL,COL
2001,AL,DET,DET
2001,NL,FLO,FLA
2001,NL,HOU,HOU
2001,AL,KCA,KCR
2001,NL,LAN,LAD
2001,NL,MIL,MIL
2001,AL,MIN,MIN
2001,NL,MON,WSN
2001,AL,NYA,NYY
2001,NL,NYN,NYM
2001,AL,OAK,OAK
2001,NL,PHI,PHI
2001,NL,PIT,PIT
2001,NL,SDN,SDP
2001,AL,SEA,SEA
2001,NL,SFN,SFG
2001,NL,SLN,STL
2001,AL,TBA,TBD
2001,AL,TEX,TEX
2001,AL,TOR,TOR
2002,AL,ANA,ANA
2002,NL,ARI,ARI
2002,NL,ATL,ATL
2002,AL,BAL,BAL
2002,AL,BOS,BOS
2002,AL,CHA,CHW
2002,NL,CHN,CHC
2002,NL,CIN,CIN
2002,AL,CLE,CLE
2002,NL,COL,COL
2002,AL,DET,DET
2002,NL,FLO,FLA
2002,NL,HOU,HOU
2002,AL,KCA,KCR
2002,NL,LAN,LAD
2002,NL,MIL,MIL
2002,AL,MIN,MIN
2002,NL,MON,WSN
2002,AL,NYA,NYY
2002,NL,NYN,NYM
2002,AL,OAK,OAK
2002,NL,PHI,PHI
2002,NL,PIT,PIT
2002,NL,SDN,SDP
2002,AL,SEA,SEA
2002,NL,SFN,SFG
2002,NL,SLN,STL
2002,AL,TBA,TBD
2002,AL,TEX,TEX
2002,AL,TOR,TOR
2003,AL,ANA,ANA
2003,NL,ARI,ARI
2003,NL,ATL,ATL
2003,AL,BAL,BAL
2003,AL,BOS,BOS
2003,AL,CHA,CHW
2003,NL,CHN,CHC
2003,NL,CIN,CIN
2003,AL,CLE,CLE
2003,NL,COL,COL
2003,AL,DET,DET
2003,NL,FLO,FLA
2003,NL,HOU,HOU
2003,AL,KCA,KCR
2003,NL,LAN,LAD
2003,NL,MIL,MIL
2003,AL,MIN,MIN
2003,NL,MON,WSN
2003,AL,NYA,NYY
2003,NL,NYN,NYM
2003,AL,OAK,OAK
2003,NL,PHI,PHI
2003,NL,PIT,PIT
2003,NL,SDN,SDP
2003,AL,SEA,SEA
2003,NL,SFN,SFG
2003,NL,SLN,STL
2003,AL,TBA,TBD
2003,AL,TEX,TEX
2003,AL,TOR,TOR
2004,AL,ANA,ANA
2004,NL,ARI,ARI
2004,NL,ATL,ATL
2004,AL,BAL,BAL
2004,AL,BOS,BOS
2004,AL,CHA,CHW
2004,NL,CHN,CHC
2004,NL,CIN,CIN
2004,AL,CLE,CLE
2004,NL,COL,COL
2004,AL,DET,DET
2004,NL,FLO,FLA
2004,NL,HOU,HOU
2004,AL,KCA,KCR
2004,NL,LAN,LAD
2004,NL,MIL,MIL
2004,AL,MIN,MIN
2004,NL,MON,WSN
2004,AL,NYA,NYY
2004,NL,NYN,NYM
2004,AL,OAK,OAK
2004,NL,PHI,PHI
2004,NL,PIT,PIT
2004,NL,SDN,SDP
2004,AL,SEA,SEA
2004,NL,SFN,SFG
2004,NL,SLN,STL
2004,AL,TBA,TBD
2004,AL,TEX,TEX
2004,AL,TOR,TOR
2005,NL,ARI,ARI
2005,NL,ATL,ATL
2005,AL,BAL,BAL
2005,AL,BOS,BOS
2005,AL,CHA,CHW
2005,NL,CHN,CHC
2005,NL,CIN,CIN
2005,AL,CLE,CLE
2005,NL,COL,COL
2005,AL,DET,DET
2005,NL,FLO,FLA
2005,NL,HOU,HOU
2005,AL,KCA,KCR
2005,AL,LAA,ANA
2005,NL,LAN,LAD
2005,NL,MIL,MIL
2005,AL,MIN,MIN
2005,AL,NYA,NYY
2005,NL,NYN,NYM
2005,AL,OAK,OAK
2005,NL,PHI,PHI
2005,NL,PIT,PIT
2005,NL,SDN,SDP
2005,AL,SEA,SEA
2005,NL,SFN,SFG
2005,NL,SLN,STL
2005,AL,TBA,TBD
2005,AL,TEX,TEX
2005,AL,TOR,TOR
2005,NL,WAS,WSN
2006,NL,ARI,ARI
2006,NL,ATL,ATL
2006,AL,BAL,BAL
2006,AL,BOS,BOS
2006,AL,CHA,CHW
2006,NL,CHN,CHC
2006,NL,CIN,CIN
2006,AL,CLE,CLE
2006,NL,COL,COL
2006,AL,DET,DET
2006,NL,FLO,FLA
2006,NL,HOU,HOU
2006,AL,KCA,KCR
2006,AL,LAA,ANA
2006,NL,LAN,LAD
2006,NL,MIL,MIL
2006,AL,MIN,MIN
2006,AL,NYA,NYY
2006,NL,NYN,NYM
2006,AL,OAK,OAK
2006,NL,PHI,PHI
2006,NL,PIT,PIT
2006,NL,SDN,SDP
2006,AL,SEA,SEA
2006,NL,SFN,SFG
2006,NL,SLN,STL
2006,AL,TBA,TBD
2006,AL,TEX,TEX
2006,AL,TOR,TOR
2006,NL,WAS,WSN
2007,NL,ARI,ARI
2007,NL,ATL,ATL
2007,AL,BAL,BAL
2007,AL,BOS,BOS
2007,AL,CHA,CHW
2007,NL,CHN,CHC
2007,NL,CIN,CIN
2007,AL,CLE,CLE
2007,NL,COL,COL
2007,AL,DET,DET
2007,NL,FLO,FLA
2007,NL,HOU,HOU
2007,AL,KCA,KCR
2007,AL,LAA,ANA
2007,NL,LAN,LAD
2007,NL,MIL,MIL
2007,AL,MIN,MIN
2007,AL,NYA,NYY
2007,NL,NYN,NYM
2007,AL,OAK,OAK
2007,NL,PHI,PHI
2007,NL,PIT,PIT
2007,NL,SDN,SDP
2007,AL,SEA,SEA
2007,NL,SFN,SFG
2007,NL,SLN,STL
2007,AL,TBA,TBD
2007,AL,TEX,TEX
2007,AL,TOR,TOR
2007,NL,WAS,WSN
2008,NL,ARI,ARI
2008,NL,ATL,ATL
2008,AL,BAL,BAL
2008,AL,BOS,BOS
2008,AL,CHA,CHW
2008,NL,CHN,CHC
2008,NL,CIN,CIN
2008,AL,CLE,CLE
2008,NL,COL,COL
2008,AL,DET,DET
2008,NL,FLO,FLA
2008,NL,HOU,HOU
2008,AL,KCA,KCR
2008,AL,LAA,ANA
2008,NL,LAN,LAD
2008,NL,MIL,MIL
2008,AL,MIN,MIN
2008,AL,NYA,NYY
2008,NL,NYN,NYM
2008,AL,OAK,OAK
2008,NL,PHI,PHI
2008,NL,PIT,PIT
2008,NL,SDN,SDP
2008,AL,SEA,SEA
2008,NL,SFN,SFG
2008,NL,SLN,STL
2008,AL,TBA,TBD
2008,AL,TEX,TEX
2008,AL,TOR,TOR
2008,NL,WAS,WSN
2009,NL,ARI,ARI
2009,NL,ATL,ATL
2009,AL,BAL,BAL
2009,AL,BOS,BOS
2009,AL,CHA,CHW
2009,NL,CHN,CHC
2009,NL,CIN,CIN
2009,AL,CLE,CLE
2009,NL,COL,COL
2009,AL,DET,DET
2009,NL,FLO,FLA
2009,NL,HOU,HOU
2009,AL,KCA,KCR
2009,AL,LAA,ANA
2009,NL,LAN,LAD
2009,NL,MIL,MIL
2009,AL,MIN,MIN
2009,AL,NYA,NYY
2009,NL,NYN,NYM
2009,AL,OAK,OAK
2009,NL,PHI,PHI
2009,NL,PIT,PIT
2009,NL,SDN,SDP
2009,AL,SEA,SEA
2009,NL,SFN,SFG
2009,NL,SLN,STL
2009,AL,TBA,TBD
2009,AL,TEX,TEX
2009,AL,TOR,TOR
2009,NL,WAS,WSN
2010,NL,ARI,ARI
2010,NL,ATL,ATL
2010,AL,BAL,BAL
2010,AL,BOS,BOS
2010,AL,CHA,CHW
2010,NL,CHN,CHC
2010,NL,CIN,CIN
2010,AL,CLE,CLE
2010,NL,COL,COL
2010,AL,DET,DET
2010,NL,FLO,FLA
2010,NL,HOU,HOU
2010,AL,KCA,KCR
2010,AL,LAA,ANA
2010,NL,LAN,LAD
2010,NL,MIL,MIL
2010,AL,MIN,MIN
2010,AL,NYA,NYY
2010,NL,NYN,NYM
2010,AL,OAK,OAK
2010,NL,PHI,PHI
2010,NL,PIT,PIT
2010,NL,SDN,SDP
2010,AL,SEA,SEA
2010,NL,SFN,SFG
2010,NL,SLN,STL
2010,AL,TBA,TBD
2010,AL,TEX,TEX
2010,AL,TOR,TOR
2010,NL,WAS,WSN
2011,NL,ARI,ARI
2011,NL,ATL,ATL
2011,AL,BAL,BAL
2011,AL,BOS,BOS
2011,AL,CHA,CHW
2011,NL,CHN,CHC
2011,NL,CIN,CIN
2011,AL,CLE,CLE
2011,NL,COL,COL
2011,AL,DET,DET
2011,NL,FLO,FLA
2011,NL,HOU,HOU
2011,AL,KCA,KCR
2011,AL,LAA,ANA
2011,NL,LAN,LAD
2011,NL,MIL,MIL
2011,AL,MIN,MIN
2011,AL,NYA,NYY
2011,NL,NYN,NYM
2011,AL,OAK,OAK
2011,NL,PHI,PHI
2011,NL,PIT,PIT
2011,NL,SDN,SDP
2011,AL,SEA,SEA
2011,NL,SFN,SFG
2011,NL,SLN,STL
2011,AL,TBA,TBD
2011,AL,TEX,TEX
2011,AL,TOR,TOR
2011,NL,WAS,WSN
2012,NL,ARI,ARI
2012,NL,ATL,ATL
2012,AL,BAL,BAL
2012,AL,BOS,BOS
2012,AL,CHA,CHW
2012,NL,CHN,CHC
2012,NL,CIN,CIN
2012,AL,CLE,CLE
2012,NL,COL,COL
2012,AL,DET,DET
2012,NL,HOU,HOU
2012,AL,KCA,KCR
2012,AL,LAA,ANA
2012,NL,LAN,LAD
2012,NL,MIA,FLA
2012,NL,MIL,MIL
2012,AL,MIN,MIN
2012,AL,NYA,NYY
2012,NL,NYN,NYM
2012,AL,OAK,OAK
2012,NL,PHI,PHI
2012,NL,PIT,PIT
2012,NL,SDN,SDP
2012,AL,SEA,SEA
2012,NL,SFN,SFG
2012,NL,SLN,STL
2012,AL,TBA,TBD
2012,AL,TEX,TEX
2012,AL,TOR,TOR
2012,NL,WAS,WSN
2013,NL,ARI,ARI
2013,NL,ATL,ATL
2013,AL,BAL,BAL
2013,AL,BOS,BOS
2013,AL,CHA,CHW
2013,NL,CHN,CHC
2013,NL,CIN,CIN
2013,AL,CLE,CLE
2013,NL,COL,COL
2013,AL,DET,DET
2013,AL,HOU,HOU
2013,AL,KCA,KCR
2013,AL,LAA,ANA
2013,NL,LAN,LAD
2013,NL,MIA,FLA
2013,NL,MIL,MIL
2013,AL,MIN,MIN
2013,AL,NYA,NYY
2013,NL,NYN,NYM
2013,AL,OAK,OAK
2013,NL,PHI,PHI
2013,NL,PIT,PIT
2013,NL,SDN,SDP
2013,AL,SEA,SEA
2013,NL,SFN,SFG
2013,NL,SLN,STL
2013,AL,TBA,TBD
2013,AL,TEX,TEX
2013,AL,TOR,TOR
2013,NL,WAS,WSN
2014,NL,ARI,ARI
2014,NL,ATL,ATL
2014,AL,BAL,BAL
2014,AL,BOS,BOS
2014,AL,CHA,CHW
2014,NL,CHN,CHC
2014,NL,CIN,CIN
2014,AL,CLE,CLE
2014,NL,COL,COL
2014,AL,DET,DET
2014,AL,HOU,HOU
2014,AL,KCA,KCR
2014,AL,LAA,ANA
2014,NL,LAN,LAD
2014,NL,MIA,FLA
2014,NL,MIL,MIL
2014,AL,MIN,MIN
2014,AL,NYA,NYY
2014,NL,NYN,NYM
2014,AL,OAK,OAK
2014,NL,PHI,PHI
2014,NL,PIT,PIT
2014,NL,SDN,SDP
2014,AL,SEA,SEA
2014,NL,SFN,SFG
2014,NL,SLN,STL
2014,AL,TBA,TBD
2014,AL,TEX,TEX
2014,AL,TOR,TOR
2014,NL,WAS,WSN
2015,NL,ARI,ARI
2015,NL,ATL,ATL
2015,AL,BAL,BAL
2015,AL,BOS,BOS
2015,AL,CHA,CHW
2015,NL,CHN,CHC
2015,NL,CIN,CIN
2015,AL,CLE,CLE
2015,NL,COL,COL
2015,AL,DET,DET
2015,AL,HOU,HOU
2015,AL,KCA,KCR
2015,AL,LAA,ANA
2015,NL,LAN,LAD
2015,NL,MIA,FLA
2015,NL,MIL,MIL
2015,AL,MIN,MIN
2015,AL,NYA,NYY
2015,NL,NYN,NYM
2015,AL,OAK,OAK
2015,NL,PHI,PHI
2015,NL,PIT,PIT
2015,NL,SDN,SDP
2015,AL,SEA,SEA
2015,NL,SFN,SFG
2015,NL,SLN,STL
2015,AL,TBA,TBD
2015,AL,TEX,TEX
2015,AL,TOR,TOR
2015,NL,WAS,WSN
2016,NL,ARI,ARI
2016,NL,ATL,ATL
2016,AL,BAL,BAL
2016,AL,BOS,BOS
2016,AL,CHA,CHW
2016,NL,CHN,CHC
2016,NL,CIN,CIN
2016,AL,CLE,CLE
2016,NL,COL,COL
2016,AL,DET,DET
2016,AL,HOU,HOU
2016,AL,KCA,KCR
2016,AL,LAA,ANA
2016,NL,LAN,LAD
2016,NL,MIA,FLA
2016,NL,MIL,MIL
2016,AL,MIN,MIN
2016,AL,NYA,NYY
2016,NL,NYN,NYM
2016,AL,OAK,OAK
2016,NL,PHI,PHI
2016,NL,PIT,PIT
2016,NL,SDN,SDP
2016,AL,SEA,SEA
2016,NL,SFN,SFG
2016,NL,SLN,STL
2016,AL,TBA,TBD
2016,AL,TEX,TEX
2016,AL,TOR,TOR
2016,NL,WAS,WSN
2017,NL,ARI,ARI
2017,NL,ATL,ATL
2017,AL,BAL,BAL
2017,AL,BOS,BOS
2017,AL,CHA,CHW
2017,NL,CHN,CHC
2017,NL,CIN,CIN
2017,AL,CLE,CLE
2017,NL,COL,COL
2017,AL,DET,DET
2017,AL,HOU,HOU
2017,AL,KCA,KCR
2017,AL,LAA,ANA
2017,NL,LAN,LAD
2017,NL,MIA,FLA
2017,NL,MIL,MIL
2017,AL,MIN,MIN
2017,AL,NYA,NYY
2017,NL,NYN,NYM
2017,AL,OAK,OAK
2017,NL,PHI,PHI
2017,NL,PIT,PIT
2017,NL,SDN,SDP
2017,AL,SEA,SEA
2017,NL,SFN,SFG
2017,NL,SLN,STL
2017,AL,TBA,TBD
2017,AL,TEX,TEX
2017,AL,TOR,TOR
2017,NL,WAS,WSN
2018,NL,ARI,ARI
2018,NL,ATL,ATL
2018,AL,BAL,BAL
2018,AL,BOS,BOS
2018,AL,CHA,CHW
2018,NL,CHN,CHC
2018,NL,CIN,CIN
2018,AL,CLE,CLE
2018,NL,COL,COL
2018,AL,DET,DET
2018,AL,HOU,HOU
2018,AL,KCA,KCR
2018,AL,LAA,ANA
2018,NL,LAN,LAD
2018,NL,MIA,FLA
2018,NL,MIL,MIL
2018,AL,MIN,MIN
2018,AL,NYA,NYY
2018,NL,NYN,NYM
2018,AL,OAK,OAK
2018,NL,PHI,PHI
2018,NL,PIT,PIT
2018,NL,SDN,SDP
2018,AL,SEA,SEA
2018,NL,SFN,SFG
2018,NL,SLN,STL
2018,AL,TBA,TBD
2018,AL,TEX,TEX
2018,AL,TOR,TOR
2018,NL,WAS,WSN
2019,NL,ARI,ARI
2019,NL,ATL,ATL
2019,AL,BAL,BAL
2019,AL,BOS,BOS
2019,AL,CHA,CHW
2019,NL,CHN,CHC
2019,NL,CIN,CIN
2019,AL,CLE,CLE
2019,NL,COL,COL
2019,AL,DET,DET
2019,AL,HOU,HOU
2019,AL,KCA,KCR
2019,AL,LAA,ANA
2019,NL,LAN,LAD
2019,NL,MIA,FLA
2019,NL,MIL,MIL
2019,AL,MIN,MIN
2019,AL,NYA,NYY
2019,NL,NYN,NYM
2019,AL,OAK,OAK
2019,NL,PHI,PHI
2019,NL,PIT,PIT
2019,NL,SDN,SDP
2019,AL,SEA,SEA
2019,NL,SFN,SFG
2019,NL,SLN,STL
2019,AL,TBA,TBD
2019,AL,TEX,TEX
2019,AL,TOR,TOR
2019,NL,WAS,WSN
2020,NL,ARI,ARI
2020,NL,ATL,ATL
2020,AL,BAL,BAL
2020,AL,BOS,BOS
2020,AL,CHA,CHW
2020,NL,CHN,CHC
2020,NL,CIN,CIN
2020,AL,CLE,CLE
2020,NL,COL,COL
2020,AL,DET,DET
2020,AL,HOU,HOU
2020,AL,KCA,KCR
2020,AL,LAA,ANA
2020,NL,LAN,LAD
2020,NL,MIA,FLA
2020,NL,MIL,MIL
2020,AL,MIN,MIN
2020,AL,NYA,NYY
2020,NL,NYN,NYM
2020,AL,OAK,OAK
2020,NL,PHI,PHI
2020,NL,PIT,PIT
2020,NL,SDN,SDP
2020,AL,SEA,SEA
2020,NL,SFN,SFG
2020,NL,SLN,STL
2020,AL,TBA,TBD
2020,AL,TEX,TEX
2020,AL,TOR,TOR
2020,NL,WAS,WSN
2021,NL,ARI,ARI
2021,NL,ATL,ATL
2021,AL,BAL,BAL
2021,AL,BOS,BOS
2021,AL,CHA,CHW
2021,NL,CHN,CHC
2021,NL,CIN,CIN
2021,AL,CLE,CLE
2021,NL,COL,COL
2021,AL,DET,DET
2021,AL,HOU,HOU
2021,AL,KCA,KCR
2021,AL,LAA,ANA
2021,NL,LAN,LAD
2021,NL,MIA,FLA
2021,NL,MIL,MIL
2021,AL,MIN,MIN
2021,AL,NYA,NYY
2021,NL,NYN,NYM
2021,AL,OAK,OAK
2021,NL,PHI,PHI
2021,NL,PIT,PIT
2021,NL,SDN,SDP
2021,AL,SEA,SEA
2021,NL,SFN,SFG
2021,NL,SLN,STL
2021,AL,TBA,TBD
2021,AL,TEX,TEX
2021,AL,TOR,TOR
2021,NL,WAS,WSN
2022,NL,ARI,ARI
2022,NL,ATL,ATL
2022,AL,BAL,BAL
2022,AL,BOS,BOS
2022,AL,CHA,CHW
2022,NL,CHN,CHC
2022,NL,CIN,CIN
2022,AL,CLE,CLE
2022,NL,COL,COL
2022,AL,DET,DET
2022,AL,HOU,HOU
2022,AL,KCA,KCR
2022,AL,LAA,ANA
2022,NL,LAN,LAD
2022,NL,MIA,FLA
2022,NL,MIL,MIL
2022,AL,MIN,MIN
2022,AL,NYA,NYY
2022,NL,NYN,NYM
2022,AL,OAK,OAK
2022,NL,PHI,PHI
2022,NL,PIT,PIT
2022,NL,SDN,SDP
2022,AL,SEA,SEA
2022,NL,SFN,SFG
2022,NL,SLN,STL
2022,AL,TBA,TBD
2022,AL,TEX,TEX
2022,AL,TOR,TOR
2022,NL,WAS,WSN